n,Naive,McCreight
10000,4.307456700014882,0.04847260005772114
20000,17.11761519999709,0.09553219994995743
30000,38.9683164000744,0.2207325000781566
40000,69.65421289997175,0.2734582999255508
50000,108.47027130005881,0.3415648000082001
60000,157.71933069999795,0.4009008000139147
70000,212.3598146000877,0.47227029991336167
80000,278.8605678000022,0.523194000008516
90000,351.0908583999844,0.525188299943693
