n,Naive,McCreight
10000,0.03188080003019422,0.02902190003078431
20000,0.39956819999497384,0.14119180000852793
30000,0.2517168000340462,0.2247549999738112
40000,0.45977140008471906,0.3792333999881521
50000,0.4414362999377772,0.5212029999820516
60000,0.554210799979046,0.6251163999550045
70000,0.6545014000730589,0.7061882000416517
80000,0.859168800059706,0.8451220999704674
90000,1.034106899984181,1.06509529997129
100000,1.0622480999445543,0.9745049000484869
